label,position,start time,end time,patient_number,description,link
מלון מגדל דוד,"32.331940, 34.851522",2020-02-08T20:20:00+02:00,2020-02-08T23:59:00+02:00,,9 תיירים מדרום קוריאה,https://www.health.gov.il/NewsAndEvents/SpokemanMesseges/Pages/23022020_1.aspx
מלון מגדל דוד,"32.331940, 34.851522",2020-02-09T00:00:00+02:00,2020-02-09T09:00:00+02:00,,9 תיירים מדרום קוריאה,https://www.health.gov.il/NewsAndEvents/SpokemanMesseges/Pages/23022020_1.aspx
גן לאומי קיסריה,"32.501199, 34.892315",2020-02-09T07:00:00+02:00,2020-02-09T09:11:00+02:00,,9 תיירים מדרום קוריאה,https://www.health.gov.il/NewsAndEvents/SpokemanMesseges/Pages/23022020_1.aspx
מלון גבריאל,"32.708649, 35.297008",2020-02-09T11:00:00+02:00,2020-02-09T15:00:00+02:00,,9 תיירים מדרום קוריאה,https://www.health.gov.il/NewsAndEvents/SpokemanMesseges/Pages/23022020_1.aspx
כנסיית הבשורה,"32.702367, 35.297376",2020-02-09T12:00:00+02:00,2020-02-09T20:00:00+02:00,,9 תיירים מדרום קוריאה,https://www.health.gov.il/NewsAndEvents/SpokemanMesseges/Pages/23022020_1.aspx
כניסת המשפחה הקדושה,"32.705169, 35.310839",2020-02-09T12:00:00+02:00,2020-02-09T20:00:00+02:01,,9 תיירים מדרום קוריאה,https://www.health.gov.il/NewsAndEvents/SpokemanMesseges/Pages/23022020_1.aspx
עין גב כפר הנופש,"32.771856, 35.638675",2020-02-09T18:00:00+02:01,2020-02-09T23:59:59+02:00,,9 תיירים מדרום קוריאה,https://www.health.gov.il/NewsAndEvents/SpokemanMesseges/Pages/23022020_1.aspx
עין גב כפר הנופש,"32.771856, 35.638675",2020-02-10T00:00:00+02:00,2020-02-10T10:00:00+02:00,,9 תיירים מדרום קוריאה,https://www.health.gov.il/NewsAndEvents/SpokemanMesseges/Pages/23022020_1.aspx
כנסיית הבכורה של פטרוס,"32.871999, 35.550409",2020-02-10T07:00:00+02:00,2020-02-10T15:00:00+02:00,,9 תיירים מדרום קוריאה,https://www.health.gov.il/NewsAndEvents/SpokemanMesseges/Pages/23022020_1.aspx
מסעדת תנורין,"32.843234, 35.509560",2020-02-10T12:00:00+02:00,2020-02-10T16:00:00+02:00,,9 תיירים מדרום קוריאה,https://www.health.gov.il/NewsAndEvents/SpokemanMesseges/Pages/23022020_1.aspx
כפר נחום,"32.882419, 35.573693",2020-02-10T13:00:00+02:00,2020-02-10T20:00:00+02:00,,9 תיירים מדרום קוריאה,https://www.health.gov.il/NewsAndEvents/SpokemanMesseges/Pages/23022020_1.aspx
כנרת - שייט בספינה,"32.867782, 35.525478",2020-02-10T13:00:00+02:00,2020-02-10T20:00:00+02:00,,9 תיירים מדרום קוריאה,https://www.health.gov.il/NewsAndEvents/SpokemanMesseges/Pages/23022020_1.aspx
עין גב כפר הנופש,"32.767652, 35.639340",2020-02-10T20:00:00+02:00,2020-02-10T23:59:59+02:00,,9 תיירים מדרום קוריאה,https://www.health.gov.il/NewsAndEvents/SpokemanMesseges/Pages/23022020_1.aspx
עין גב כפר הנופש,"32.767652, 35.639340",2020-02-11T00:00:00+02:00,2020-02-11T10:00:00+02:00,,9 תיירים מדרום קוריאה,https://www.health.gov.il/NewsAndEvents/SpokemanMesseges/Pages/23022020_1.aspx
שכם,"32.226773, 35.262270",2020-02-11T10:00:00+02:00,2020-02-11T20:00:00+02:00,,9 תיירים מדרום קוריאה,https://www.health.gov.il/NewsAndEvents/SpokemanMesseges/Pages/23022020_1.aspx
יריחו,"31.865153, 35.462018",2020-02-11T10:00:00+02:00,2020-02-11T20:00:00+02:00,,9 תיירים מדרום קוריאה,https://www.health.gov.il/NewsAndEvents/SpokemanMesseges/Pages/23022020_1.aspx
מלון דוד ים המלח,"31.202813, 35.361363",2020-02-11T00:00:00+02:00,2020-02-11T23:59:59+02:00,,9 תיירים מדרום קוריאה,https://www.health.gov.il/NewsAndEvents/SpokemanMesseges/Pages/23022020_1.aspx
מלון דוד ים המלח,"31.202813, 35.361363",2020-02-12T00:00:00+02:00,2020-02-12T10:00:00+02:00,,9 תיירים מדרום קוריאה,https://www.health.gov.il/NewsAndEvents/SpokemanMesseges/Pages/23022020_1.aspx
מצדה,"31.312016, 35.363052",2020-02-12T06:00:00+02:00,2020-02-12T14:00:00+02:00,,9 תיירים מדרום קוריאה,https://www.health.gov.il/NewsAndEvents/SpokemanMesseges/Pages/23022020_1.aspx
פארק תמנע,"29.788320, 35.003072",2020-02-12T08:00:00+02:00,2020-02-12T14:00:00+02:00,,9 תיירים מדרום קוריאה,https://www.health.gov.il/NewsAndEvents/SpokemanMesseges/Pages/23022020_1.aspx
מלון לאונרדו נגב,"31.247751, 34.801126",2020-02-12T00:00:00+02:00,2020-02-12T23:59:59+02:00,,9 תיירים מדרום קוריאה,https://www.health.gov.il/NewsAndEvents/SpokemanMesseges/Pages/23022020_1.aspx
מלון לאונרדו נגב,"31.247751, 34.801126",2020-02-13T00:00:00+02:00,2020-02-13T10:00:00+02:00,,9 תיירים מדרום קוריאה,https://www.health.gov.il/NewsAndEvents/SpokemanMesseges/Pages/23022020_1.aspx
הפארק הלאומי בבאר שבע,"31.246155, 34.841115",2020-02-13T08:00:00+02:00,2020-02-13T09:30:00+02:00,,9 תיירים מדרום קוריאה,https://www.health.gov.il/NewsAndEvents/SpokemanMesseges/Pages/23022020_1.aspx
כנסיית המולד,"31.704532, 35.207497",2020-02-13T10:30:00+02:00,2020-02-13T20:00:00+02:00,,9 תיירים מדרום קוריאה,https://www.health.gov.il/NewsAndEvents/SpokemanMesseges/Pages/23022020_1.aspx
כנסיית שדה הרועים,"31.707613, 35.230017",2020-02-13T10:30:00+02:00,2020-02-13T20:00:00+02:00,,9 תיירים מדרום קוריאה,https://www.health.gov.il/NewsAndEvents/SpokemanMesseges/Pages/23022020_1.aspx
כנסיית סנט קטרינה,"28.556137, 33.976069",2020-02-13T10:30:00+02:00,2020-02-13T20:00:00+02:00,,9 תיירים מדרום קוריאה,https://www.health.gov.il/NewsAndEvents/SpokemanMesseges/Pages/23022020_1.aspx
מערת סנט ג'רום (בתוך כנסיית המולד),"31.704532, 35.207497",2020-02-13T10:30:00+02:00,2020-02-13T20:00:00+02:00,,9 תיירים מדרום קוריאה,https://www.health.gov.il/NewsAndEvents/SpokemanMesseges/Pages/23022020_1.aspx
מלון גרנד קורט,"31.789627, 35.227216",2020-02-13T20:00:00+02:00,2020-02-13T23:59:59+02:00,,9 תיירים מדרום קוריאה,https://www.health.gov.il/NewsAndEvents/SpokemanMesseges/Pages/23022020_1.aspx
מלון גרנד קורט,"31.789627, 35.227216",2020-02-14T00:00:00+02:00,2020-02-14T10:00:00+02:00,,9 תיירים מדרום קוריאה,https://www.health.gov.il/NewsAndEvents/SpokemanMesseges/Pages/23022020_1.aspx
ביקור בהר הזיתים,"31.778733, 35.245956",2020-02-14T10:00:00+02:00,2020-02-14T14:00:00+02:00,,9 תיירים מדרום קוריאה,https://www.health.gov.il/NewsAndEvents/SpokemanMesseges/Pages/23022020_1.aspx
כנסיית העלייה,"31.779216, 35.245031",2020-02-14T10:00:00+02:00,2020-02-14T14:00:00+02:00,,9 תיירים מדרום קוריאה,https://www.health.gov.il/NewsAndEvents/SpokemanMesseges/Pages/23022020_1.aspx
בית פגי (כנסייה),"31.777475, 35.250745",2020-02-14T10:00:00+02:00,2020-02-14T14:00:00+02:00,,9 תיירים מדרום קוריאה,https://www.health.gov.il/NewsAndEvents/SpokemanMesseges/Pages/23022020_1.aspx
מסעדת שנגחאי,"31.732126, 35.203915",2020-02-14T12:00:00+02:00,2020-02-14T15:00:00+02:00,,9 תיירים מדרום קוריאה,https://www.health.gov.il/NewsAndEvents/SpokemanMesseges/Pages/23022020_1.aspx
כנסיית פאטר נוסטר (אבינו שבשמיים),"31.778342, 35.245179",2020-02-14T13:00:00+02:00,2020-02-14T20:00:00+02:00,,9 תיירים מדרום קוריאה,https://www.health.gov.il/NewsAndEvents/SpokemanMesseges/Pages/23022020_1.aspx
כנסיית גת שמנים,"31.779465, 35.239791",2020-02-14T13:00:00+02:00,2020-02-14T20:00:00+02:00,,9 תיירים מדרום קוריאה,https://www.health.gov.il/NewsAndEvents/SpokemanMesseges/Pages/23022020_1.aspx
הר ציון,"31.771154, 35.228458",2020-02-14T13:00:00+02:00,2020-02-14T20:00:00+02:00,,9 תיירים מדרום קוריאה,https://www.health.gov.il/NewsAndEvents/SpokemanMesseges/Pages/23022020_1.aspx
חדר הסעודה האחרונה,"31.772035, 35.229292",2020-02-14T13:00:00+02:00,2020-02-14T20:00:00+02:00,,9 תיירים מדרום קוריאה,https://www.health.gov.il/NewsAndEvents/SpokemanMesseges/Pages/23022020_1.aspx
קבר מרים,"31.780349, 35.239406",2020-02-14T13:00:00+02:00,2020-02-14T20:00:00+02:00,,9 תיירים מדרום קוריאה,https://www.health.gov.il/NewsAndEvents/SpokemanMesseges/Pages/23022020_1.aspx
כנסיית פטרוס אין גליקנטו,"31.771525, 35.232122",2020-02-14T13:00:00+02:00,2020-02-14T20:00:00+02:00,,9 תיירים מדרום קוריאה,https://www.health.gov.il/NewsAndEvents/SpokemanMesseges/Pages/23022020_1.aspx
מלון גרנט קורט,"31.789627, 35.227205",2020-02-14T18:00:00+02:00,2020-02-14T23:59:59+02:00,,9 תיירים מדרום קוריאה,https://www.health.gov.il/NewsAndEvents/SpokemanMesseges/Pages/23022020_1.aspx
מלון גרנט קורט,"31.789627, 35.227205",2020-02-15T00:00:00+02:00,2020-02-15T10:00:00+02:00,,9 תיירים מדרום קוריאה,https://www.health.gov.il/NewsAndEvents/SpokemanMesseges/Pages/23022020_1.aspx
עין כרם,"31.767587, 35.162287",2020-02-15T10:00:00+02:00,2020-02-15T20:00:00+02:00,,9 תיירים מדרום קוריאה,https://www.health.gov.il/NewsAndEvents/SpokemanMesseges/Pages/23022020_1.aspx
כנסיית יוחנן המטביל,"31.777309, 35.229695",2020-02-15T10:00:00+02:00,2020-02-15T20:00:00+02:00,,9 תיירים מדרום קוריאה,https://www.health.gov.il/NewsAndEvents/SpokemanMesseges/Pages/23022020_1.aspx
כנסיית הביקור,"31.764796, 35.157940",2020-02-15T10:00:00+02:00,2020-02-15T20:00:00+02:00,,9 תיירים מדרום קוריאה,https://www.health.gov.il/NewsAndEvents/SpokemanMesseges/Pages/23022020_1.aspx
כנסית אן הקדושה,"31.781189, 35.236084",2020-02-15T10:00:00+02:00,2020-02-15T20:00:00+02:00,,9 תיירים מדרום קוריאה,https://www.health.gov.il/NewsAndEvents/SpokemanMesseges/Pages/23022020_1.aspx
מסעדת גולד ליד מלון אמבסדור במזרח ירושלים,"31.789989, 35.202244",2020-02-15T10:00:00+02:00,2020-02-15T20:00:00+02:00,,9 תיירים מדרום קוריאה,https://www.health.gov.il/NewsAndEvents/SpokemanMesseges/Pages/23022020_1.aspx
בריכות הצאן (מוזיאון ארכיאולוגי בירושלים),"31.768593, 35.213742",2020-02-15T10:00:00+02:00,2020-02-15T20:00:00+02:00,,9 תיירים מדרום קוריאה,https://www.health.gov.il/NewsAndEvents/SpokemanMesseges/Pages/23022020_1.aspx
כנסיית הקבר הקדוש,"31.778682, 35.229665",2020-02-15T10:00:00+02:00,2020-02-15T20:00:00+02:00,,9 תיירים מדרום קוריאה,https://www.health.gov.il/NewsAndEvents/SpokemanMesseges/Pages/23022020_1.aspx
מלון גרנט קורט,"31.789627, 35.227205",2020-02-15T10:00:00+02:00,2020-02-15T20:00:00+02:00,,9 תיירים מדרום קוריאה,https://www.health.gov.il/NewsAndEvents/SpokemanMesseges/Pages/23022020_1.aspx
הפיראט האדום,"32.0228009, 34.861666",2020-02-23T18:00:00+02:00,2020-02-23T22:00:00+02:00,,מקום ביקור של הישראלי ששב מאיטליה,https://www.health.gov.il/NewsAndEvents/SpokemanMesseges/Pages/28022020_1.aspx
הפיראט האדום,"32.0228009, 34.861666",2020-02-24T08:30:00+02:00,2020-02-24T23:59:00+02:00,,מקום ביקור של הישראלי ששב מאיטליה,https://www.health.gov.il/NewsAndEvents/SpokemanMesseges/Pages/28022020_1.aspx
הפיראט האדום,"32.0228009, 34.861666",2020-02-25T08:30:00+02:00,2020-02-25T23:59:00+02:00,,מקום ביקור של הישראלי ששב מאיטליה,https://www.health.gov.il/NewsAndEvents/SpokemanMesseges/Pages/28022020_1.aspx
בית כנסת אירוס,"31.9306892,34.7765856",2020-02-24T06:00:00+02:00,2020-02-24T07:00:00+02:00,,מקום ביקור של הישראלי ששב מאיטליה,https://www.health.gov.il/NewsAndEvents/SpokemanMesseges/Pages/28022020_1.aspx
ארומה בתחנת ״דלק פז״,"32.383731, 34.866688",2020-02-22T06:30:00+02:00,2020-02-22T07:00:00+02:00,6,חולה מס׳ 6 שחזר מאיטליה,https://www.health.gov.il/NewsAndEvents/SpokemanMesseges/Pages/28022020_6.aspx
בית הפנקייק,"32.383850, 34.866874",2020-02-22T06:30:00+02:00,2020-02-22T07:00:00+02:00,6,חולה מס׳ 6 שחזר מאיטליה,https://www.health.gov.il/NewsAndEvents/SpokemanMesseges/Pages/28022020_6.aspx
סעיד מלחם מוצרי חשמל באבו סנאן,"32.962288, 35.176676",2020-02-22T11:00:00+02:00,2020-02-22T13:00:00+02:00,6,חולה מס׳ 6 שחזר מאיטליה,https://www.health.gov.il/NewsAndEvents/SpokemanMesseges/Pages/28022020_6.aspx
מחסני זול ספורט בקריית אתא,"32.818203, 35.050937",2020-02-22T11:00:00+02:00,2020-02-22T13:00:00+02:00,6,חולה מס׳ 6 שחזר מאיטליה,https://www.health.gov.il/NewsAndEvents/SpokemanMesseges/Pages/28022020_6.aspx
חומוס פרלמנט ותחנת דלק פז בנהריה,"32.990316, 35.096735",2020-02-23T11:30:00+02:00,2020-02-23T12:00:00+02:00,6,חולה מס׳ 6 שחזר מאיטליה,https://www.health.gov.il/NewsAndEvents/SpokemanMesseges/Pages/28022020_6.aspx
מקלות וניל בעפולה,"32.603578, 35.296038
",2020-02-25T11:22:00+02:00,2020-02-25T11:59:00+02:00,7,חולה מס׳ 7 שחזר מאיטליה,https://www.health.gov.il/NewsAndEvents/SpokemanMesseges/Pages/29022020_1.aspx
חדר כושר אתנה במגדל העמק,"32.687929, 35.246797",2020-02-25T18:00:00+02:00,2020-02-25T20:00:00+02:00,7,חולה מס׳ 7 שחזר מאיטליה,https://www.health.gov.il/NewsAndEvents/SpokemanMesseges/Pages/29022020_1.aspx
בנק דיסקונט במגדל העמק,"32.676933, 35.239217",2020-02-27T08:30:00+02:00,2020-02-27T09:30:00+02:00,7,חולה מס׳ 7 שחזר מאיטליה,https://www.health.gov.il/NewsAndEvents/SpokemanMesseges/Pages/29022020_1.aspx
מסעדת אחוזה בעפולה,"32.599948, 35.295150",2020-02-27T14:00:00+02:00,2020-02-27T15:30:00+02:00,7,חולה מס׳ 7 שחזר מאיטליה,https://www.health.gov.il/NewsAndEvents/SpokemanMesseges/Pages/29022020_1.aspx
שופרסל אזור תעשייה מגדל העמק,"32.666738, 35.239837",2020-02-27T17:00:00+02:00,2020-02-27T18:00:00+02:00,7,חולה מס׳ 7 שחזר מאיטליה,https://www.health.gov.il/NewsAndEvents/SpokemanMesseges/Pages/29022020_2.aspx
מתפרה בקומה התחתונה של קניון אור יהודה,"32.025683, 34.858086",2020-02-25T12:00:00+02:00,2020-02-25T12:30:00+02:00,10,חולה מס׳ 10,https://www.health.gov.il/NewsAndEvents/SpokemanMesseges/Pages/02032020_1.aspx
הפיראט האדום,"32.0228009, 34.861666",2020-02-24T13:00:00+02:00,2020-02-24T22:00:00+02:00,10,חולה מס׳ 10,https://www.health.gov.il/NewsAndEvents/SpokemanMesseges/Pages/02032020_1.aspx
הפיראט האדום,"32.0228009, 34.861666",2020-02-25T12:30:00+02:00,2020-02-25T23:59:00+02:00,10,חולה מס׳ 10,https://www.health.gov.il/NewsAndEvents/SpokemanMesseges/Pages/02032020_1.aspx
הפיראט האדום,"32.0228009, 34.861666",2020-02-26T00:00:00+02:00,2020-02-26T00:30:00+02:00,10,חולה מס׳ 10,https://www.health.gov.il/NewsAndEvents/SpokemanMesseges/Pages/02032020_1.aspx
הפיראט האדום,"32.0228009, 34.861666",2020-02-26T15:00:00+02:00,2020-02-26T21:30:00+02:00,10,חולה מס׳ 10,https://www.health.gov.il/NewsAndEvents/SpokemanMesseges/Pages/02032020_1.aspx
שוק הים באשדוד,"31.796529, 34.629749",2020-02-26T11:00:00+02:00,2020-02-26T13:00:00+02:00,12,חולה מס׳ 12,https://www.health.gov.il/NewsAndEvents/SpokemanMesseges/Pages/02032020_3.aspx
מכון גו-אקטיב מרום נווה ברמת גן,"32.0714043,34.8281033",2020-02-27T10:20:00+02:00,2020-02-27T13:00:00+02:00,11,חולה מס׳ 11 השתתפה בשיעור פלנדקרייז שהחל בשעה 10:20 ובשיעור התעמלות שהתקיים בין 12:00-12:45,https://www.health.gov.il/NewsAndEvents/SpokemanMesseges/Pages/02032020-3.aspx
פרשמרקט במתחם מרום נווה,"32.0714604,34.8279486",2020-02-27T13:10:00+02:00,2020-02-27T13:45:00+02:00,11,חולה מס׳ 11,https://www.health.gov.il/NewsAndEvents/SpokemanMesseges/Pages/02032020-3.aspx
הפיראט האדום,"32.0228009, 34.861666",2020-02-23T16:30:00+02:00,2020-02-23T21:00:00+02:00,13,חולה מס׳ 13,https://www.health.gov.il/NewsAndEvents/SpokemanMesseges/Pages/04032020_3.aspx
הפיראט האדום,"32.0228009, 34.861666",2020-02-24T16:30:00+02:00,2020-02-24T21:00:00+02:00,13,חולה מס׳ 13,https://www.health.gov.il/NewsAndEvents/SpokemanMesseges/Pages/04032020_3.aspx
הפיראט האדום,"32.0228009, 34.861666",2020-02-25T16:30:00+02:00,2020-02-25T21:00:00+02:00,13,חולה מס׳ 13,https://www.health.gov.il/NewsAndEvents/SpokemanMesseges/Pages/04032020_3.aspx
הפיראט האדום,"32.0228009, 34.861666",2020-02-26T16:30:00+02:00,2020-02-26T21:00:00+02:00,13,חולה מס׳ 13,https://www.health.gov.il/NewsAndEvents/SpokemanMesseges/Pages/04032020_3.aspx
ביה״ס איזורי ברנר,"31.869072, 34.806136",2020-02-24T00:00:00+02:00,2020-02-24T23:59:00+02:00,13,מקום ביקור של חולה מס׳ 13. בהתאם להנחיות משרד הבריאות על כל תלמידי ביה״ס ברנר כולל המורים אנשי הצוות וההסעות להכנס לבידוד.,https://www.health.gov.il/NewsAndEvents/SpokemanMesseges/Pages/04032020_3.aspx
ביה״ס איזורי ברנר,"31.869072, 34.806136",2020-02-25T00:00:00+02:00,2020-02-25T23:59:00+02:00,13,מקום ביקור של חולה מס׳ 13. בהתאם להנחיות משרד הבריאות על כל תלמידי ביה״ס ברנר כולל המורים אנשי הצוות וההסעות להכנס לבידוד.,https://www.health.gov.il/NewsAndEvents/SpokemanMesseges/Pages/04032020_3.aspx
ביה״ס איזורי ברנר,"31.869072, 34.806136",2020-02-26T00:00:00+02:00,2020-02-26T23:59:00+02:00,13,מקום ביקור של חולה מס׳ 13. בהתאם להנחיות משרד הבריאות על כל תלמידי ביה״ס ברנר כולל המורים אנשי הצוות וההסעות להכנס לבידוד.,https://www.health.gov.il/NewsAndEvents/SpokemanMesseges/Pages/04032020_3.aspx
אצטדיון בלומפילד - שער 8,"32.051678, 34.761865",2020-02-24T20:00:00+02:00,2020-02-24T22:00:00+02:00,13,מקום ביקור של חולה מס׳ 13. כל מי ששהה באיצטדיון בלומפילד במשחק הכדורגל וישב בשער 7-8 גוש 425 בין השורות 43-49 כולל ובכל השורות בכיסאות 169-179 כולל - מתבקש להיכנס לבידוד.,https://www.health.gov.il/NewsAndEvents/SpokemanMesseges/Pages/04032020_4.aspx
ביה״ס אביגדור ורשה,"32.052998, 34.855811",2020-02-26T07:00:00+02:00,2020-02-26T13:00:00+02:00,14,מקום ביקור של חולה מס׳ 14,https://www.health.gov.il/NewsAndEvents/SpokemanMesseges/Pages/04032020_5.aspx
אולם ספורט ליד ספריה עירונית גני תקווה,"32.063762, 34.872818",2020-02-26T17:15:00+02:00,2020-02-26T18:00:00+02:00,14,מקום ביקור של חולה מס׳ 14,https://www.health.gov.il/NewsAndEvents/SpokemanMesseges/Pages/04032020_5.aspx
"חתונה ב""הרמוניה בגן"" (האולם מימין לכניסה) בצומת כנות","31.804431, 34.761447",2020-02-26T19:30:00+02:00,2020-02-26T22:30:00+02:00,14,מקום ביקור של חולה מס׳ 14,https://www.health.gov.il/NewsAndEvents/SpokemanMesseges/Pages/04032020_5.aspx
קניון קריית אונו,"32.055449, 34.863602",2020-02-27T18:00:00+02:00,2020-02-27T20:30:00+02:00,14,מקום ביקור של חולה מס׳ 14: נעלי TOGO; רנואר נשים (קומה עליונה); פוקס נשים (קומת כניסה); פוקס קידס (קומת כניסה) וסופרמרקט מגה בעיר,https://www.health.gov.il/NewsAndEvents/SpokemanMesseges/Pages/04032020_5.aspx
ביה״ס אביגדור ורשה,"32.052998, 34.855811",2020-02-28T07:30:00+02:00,2020-02-28T12:00:00+02:00,14,מקום ביקור של חולה מס׳ 14,https://www.health.gov.il/NewsAndEvents/SpokemanMesseges/Pages/04032020_5.aspx
קפה רימון ממילה,"31.777409, 35.224419",2020-02-23T21:30:00+02:00,2020-02-23T23:30:00+02:00,,מקום ביקור של חולה מניו יורק,https://www.health.gov.il/NewsAndEvents/SpokemanMesseges/Pages/05032020_1.aspx
זארה,"31.777634, 35.223710",2020-02-23T21:30:00+02:00,2020-02-23T23:30:00+02:00,,מקום ביקור של חולה מניו יורק,https://www.health.gov.il/NewsAndEvents/SpokemanMesseges/Pages/05032020_1.aspx
קפה רימון בן יהודה,"31.782049, 35.218575",2020-02-24T13:00:00+02:00,2020-02-24T15:00:00+02:00,,מקום ביקור של חולה מניו יורק,https://www.health.gov.il/NewsAndEvents/SpokemanMesseges/Pages/05032020_1.aspx
אושר עד בקניון הדר,"31.753473, 35.212979",2020-02-24T17:00:00+02:00,2020-02-24T19:00:00+02:00,,מקום ביקור של חולה מניו יורק,https://www.health.gov.il/NewsAndEvents/SpokemanMesseges/Pages/05032020_1.aspx
Kitchen Station מתחם התחנה,"31.768215, 35.224438",2020-02-25T14:00:00+02:00,2020-02-25T15:00:00+02:00,,מקום ביקור של חולה מניו יורק,https://www.health.gov.il/NewsAndEvents/SpokemanMesseges/Pages/05032020_1.aspx
בנק מזרחי טפחות הלני המלכה 9,"31.782627, 35.222703",2020-02-26T09:00:00+02:00,2020-02-26T10:00:00+02:00,,מקום ביקור של חולה מניו יורק,https://www.health.gov.il/NewsAndEvents/SpokemanMesseges/Pages/05032020_1.aspx
FOX HOME,"31.753794, 35.213153",2020-02-26T11:30:00+02:00,2020-02-26T14:00:00+02:00,,מקום ביקור של חולה מניו יורק,https://www.health.gov.il/NewsAndEvents/SpokemanMesseges/Pages/05032020_1.aspx
אושר עד,"31.753473, 35.212979",2020-02-26T11:30:00+02:00,2020-02-26T14:00:00+02:00,,מקום ביקור של חולה מניו יורק,https://www.health.gov.il/NewsAndEvents/SpokemanMesseges/Pages/05032020_1.aspx
צומת ספרים,"31.753468, 35.213720",2020-02-26T11:30:00+02:00,2020-02-26T14:00:00+02:00,,מקום ביקור של חולה מניו יורק,https://www.health.gov.il/NewsAndEvents/SpokemanMesseges/Pages/05032020_1.aspx
בית קפה קפית,"31.763622, 35.219289",2020-02-27T11:00:00+02:00,2020-02-27T13:00:00+02:00,,מקום ביקור של חולה מניו יורק,https://www.health.gov.il/NewsAndEvents/SpokemanMesseges/Pages/05032020_1.aspx
הר תבור מנזר ההשתנות,"32.686474, 35.392521",2020-02-20T09:30:00+02:00,2020-02-20T10:30:00+02:00,,תיירים מיוון,https://www.health.gov.il/NewsAndEvents/SpokemanMesseges/Pages/05032020_05.aspx
כנסיית הבשורה בנצרת,"32.702412, 35.297397",2020-02-20T11:00:00+02:00,2020-02-20T12:00:00+02:00,,תיירים מיוון,https://www.health.gov.il/NewsAndEvents/SpokemanMesseges/Pages/05032020_05.aspx
כנסיה יוונית האורתודוקסית בכפר כנא,"32.747189, 35.337806",2020-02-20T12:00:00+02:00,2020-02-20T14:00:00+02:00,,תיירים מיוון,https://www.health.gov.il/NewsAndEvents/SpokemanMesseges/Pages/05032020_05.aspx
עין שבע (טבח'ה),"32.874022, 35.549828",2020-02-20T15:00:00+02:00,2020-02-20T15:30:00+02:00,,תיירים מיוון,https://www.health.gov.il/NewsAndEvents/SpokemanMesseges/Pages/05032020_05.aspx
ירדנית,"32.717531, 35.569652",2020-02-20T16:30:00+02:00,2020-02-20T17:30:00+02:00,,תיירים מיוון,https://www.health.gov.il/NewsAndEvents/SpokemanMesseges/Pages/05032020_05.aspx
עין בוקק – ים המלח,"31.201990, 35.362779",2020-02-21T07:30:00+02:00,2020-02-21T08:00:00+02:00,,תיירים מיוון,https://www.health.gov.il/NewsAndEvents/SpokemanMesseges/Pages/05032020_05.aspx
מסעדת יוטבתה,"29.894359, 35.064305",2020-02-21T10:30:00+02:00,2020-02-21T11:00:00+02:00,,תיירים מיוון,https://www.health.gov.il/NewsAndEvents/SpokemanMesseges/Pages/05032020_05.aspx
המצפה התת ימי אילת,"29.504141, 34.919178",2020-02-23T15:30:00+02:00,2020-02-23T17:30:00+02:00,,תיירים מיוון,https://www.health.gov.il/NewsAndEvents/SpokemanMesseges/Pages/05032020_05.aspx
מסעדת יוטבתה,"29.893532, 35.063005",2020-02-23T18:00:00+02:00,2020-02-23T18:30:00+02:00,,תיירים מיוון,https://www.health.gov.il/NewsAndEvents/SpokemanMesseges/Pages/05032020_05.aspx
מנזר מרסבה במדבר יהודה,"31.704859, 35.3311",2020-02-24T08:00:00+02:00,2020-02-23T10:30:00+02:00,,תיירים מיוון,https://www.health.gov.il/NewsAndEvents/SpokemanMesseges/Pages/05032020_05.aspx
קבר מרים וכנסיית כל העמים,"31.780098, 35.23935",2020-02-24T13:30:00+02:00,2020-02-23T17:00:00+02:00,,תיירים מיוון,https://www.health.gov.il/NewsAndEvents/SpokemanMesseges/Pages/05032020_05.aspx
מנזר סנט ג'ורג' (דיר מאר ג'ריס),"31.777244, 35.228114",2020-02-25T08:00:00+02:00,2020-02-25T10:00:00+02:00,,תיירים מיוון,https://www.health.gov.il/NewsAndEvents/SpokemanMesseges/Pages/05032020_05.aspx
כנסיית אורתודוקסית של מרתא ומרים באלעיזריה,"31.780241, 35.232787",2020-02-25T10:30:00+02:00,2020-02-25T11:45:00+02:00,,תיירים מיוון,https://www.health.gov.il/NewsAndEvents/SpokemanMesseges/Pages/05032020_05.aspx
מנזר מרסבא,"31.716049, 35.330446",2020-02-25T12:30:00+02:00,2020-02-25T14:30:00+02:00,,תיירים מיוון,https://www.health.gov.il/NewsAndEvents/SpokemanMesseges/Pages/05032020_05.aspx
דיר אל קרנטל (מנזר קרנטל),"31.87439, 35.429958",2020-02-26T11:00:00+02:00,2020-02-26T12:30:00+02:00,,תיירים מיוון,https://www.health.gov.il/NewsAndEvents/SpokemanMesseges/Pages/05032020_05.aspx
כנסיית זקא,"31.820261, 35.501139",2020-02-26T12:30:00+02:00,2020-02-26T13:00:00+02:00,,תיירים מיוון,https://www.health.gov.il/NewsAndEvents/SpokemanMesseges/Pages/05032020_05.aspx
דיר חג'אלה ליד גשר אלנבי,"31.820261, 35.501139",2020-02-26T13:10:00+02:00,2020-02-26T14:20:00+02:00,,תיירים מיוון,https://www.health.gov.il/NewsAndEvents/SpokemanMesseges/Pages/05032020_05.aspx
תפילה בכנסיית הקבר ירושלים,"31.778434, 35.229492",2020-02-26T18:40:00+02:00,2020-02-26T20:10:00+02:00,,תיירים מיוון,https://www.health.gov.il/NewsAndEvents/SpokemanMesseges/Pages/05032020_05.aspx
כנסיית סנט ג'ורג' בלוד,"31.953169, 34.899326",2020-02-26T16:00:00+02:00,2020-02-26T16:40:00+02:00,,תיירים מיוון,https://www.health.gov.il/NewsAndEvents/SpokemanMesseges/Pages/05032020_05.aspx
בית מלון Golden Crown Old City בנצרת,"32.7055015,35.3014112,17",2020-02-26T18:00:00+02:00,2020-02-26T23:59:00+02:00,16,חולה מס' 16,https://www.health.gov.il/NewsAndEvents/SpokemanMesseges/Pages/06032020_1.aspx
בית מלון Golden Crown Old City בנצרת,"32.7055015,35.3014112,17",2020-02-27T00:00:00+02:00,2020-02-27T08:00:00+02:00,16,חולה מס' 16,https://www.health.gov.il/NewsAndEvents/SpokemanMesseges/Pages/06032020_1.aspx
מסעדת דליה במגדל,"32.8864705,35.447115,13",2020-02-27T12:30:00+02:00,2020-02-27T15:00:00+02:00,16,חולה מס' 16,https://www.health.gov.il/NewsAndEvents/SpokemanMesseges/Pages/06032020_1.aspx
בית מלון Golden Crown Old City בנצרת,"32.7055015,35.3014112,17",2020-02-27T18:00:00+02:00,2020-02-27T23:59:00+02:00,16,חולה מס' 16,https://www.health.gov.il/NewsAndEvents/SpokemanMesseges/Pages/06032020_1.aspx
בית מלון Golden Crown Old City בנצרת,"32.7055015,35.3014112,17",2020-02-28T00:00:00+02:00,2020-02-28T08:00:00+02:00,16,חולה מס' 16,https://www.health.gov.il/NewsAndEvents/SpokemanMesseges/Pages/06032020_1.aspx
בית מלון Golden Crown Old City בנצרת,"32.7055015,35.3014112,17",2020-02-28T18:00:00+02:00,2020-02-28T23:59:00+02:00,16,חולה מס' 16,https://www.health.gov.il/NewsAndEvents/SpokemanMesseges/Pages/06032020_1.aspx
בית מלון Golden Crown Old City בנצרת,"32.7055015,35.3014112,17",2020-02-29T00:00:00+02:00,2020-02-29T08:00:00+02:00,16,חולה מס' 16,https://www.health.gov.il/NewsAndEvents/SpokemanMesseges/Pages/06032020_1.aspx
מסעדת קומראן באתר קומראן,"31.7412525,35.4569593,17",2020-02-29T12:00:00+02:00,2020-02-29T13:00:00+02:00,16,חולה מס' 16,https://www.health.gov.il/NewsAndEvents/SpokemanMesseges/Pages/06032020_1.aspx
מלון רסטל בטבריה,"32.7867555,35.5331003",2020-03-04T18:30:00+02:00,2020-03-04T20:00:00+02:00,16,חולה מס' 16,https://www.health.gov.il/NewsAndEvents/SpokemanMesseges/Pages/06032020_1.aspx
מסעדת ANIMAR,"32.078774, 34.767687",2020-02-23T18:30:00+02:00,2020-02-23T21:30:00+02:00,,תייר מאיטליה,https://www.health.gov.il/NewsAndEvents/SpokemanMesseges/Pages/06032020_3.aspx
ארוחת בוקר במלון דן,"32.07956, 34.767947",2020-02-24T07:00:00+02:00,2020-02-24T08:00:00+02:00,,תייר מאיטליה,https://www.health.gov.il/NewsAndEvents/SpokemanMesseges/Pages/06032020_3.aspx
הארבעה 21 קומה 16,"32.070427, 34.786908",2020-02-24T08:15:00+02:00,2020-02-24T14:00:00+02:00,,תייר מאיטליה,https://www.health.gov.il/NewsAndEvents/SpokemanMesseges/Pages/06032020_3.aspx
מסעדת ANIMAR,"32.078774, 34.767687",2020-02-24T22:00:00+02:00,2020-02-24T23:59:00+02:00,,תייר מאיטליה,https://www.health.gov.il/NewsAndEvents/SpokemanMesseges/Pages/06032020_3.aspx
מסעדת ANIMAR,"32.078774, 34.767687",2020-02-25T00:00:00+02:00,2020-02-25T02:45:00+02:00,,תייר מאיטליה,https://www.health.gov.il/NewsAndEvents/SpokemanMesseges/Pages/06032020_3.aspx
רכבת מתחנה מרכזית בירושלים,"31.7683536,35.178117,14",2020-03-01T13:30:00+02:00,2020-03-01T14:00:00+02:00,,תייר מצרפת,
בית כנסת רמב״ן ברח׳ אמציה בירושלים,"31.7621122,35.2132363,17",2020-03-01T23:00:00+02:00,2020-03-01T20:00:00+02:00,,תייר מצרפת,https://www.health.gov.il/NewsAndEvents/SpokemanMesseges/Pages/06032020_03.aspx
בית קפה ״הלל״ ברמת בית הכרם,"31.7659831,35.1824382,15",2020-03-02T10:30:00+02:00,2020-03-02T12:00:00+02:00,,תייר מצרפת,https://www.health.gov.il/NewsAndEvents/SpokemanMesseges/Pages/06032020_03.aspx
רכבת מתחנה מרכזית בירושלים,"31.7683536,35.178117,14",2020-03-02T12:00:00+02:00,2020-03-02T12:30:00+02:00,,תייר מצרפת,https://www.health.gov.il/NewsAndEvents/SpokemanMesseges/Pages/06032020_03.aspx
<<<<<<< HEAD
"קפה לורן ברחוב סוקולוב 53 רמה""ש","32.1440607,34.8354079,17",2020-02-28T09:00:00+02:00,2020-02-28T10:00:00+02:00,18,תייר מספרד,https://www.health.gov.il/NewsAndEvents/SpokemanMesseges/Pages/07032020_1.aspx
"מסעדת פיש: רחוב פרופ' בני חבוט 7 ראשל""צ","31.9922422,34.7474626,19",2020-02-28T15:00:00+02:00,2020-02-28T17:00:00+02:00,18,תייר מספרד,https://www.health.gov.il/NewsAndEvents/SpokemanMesseges/Pages/07032020_1.aspx
"מסעדת פיש: רחוב פרופ' בני חבוט 7 ראשל""צ","31.9922422,34.7474626,19",2020-02-29T13:00:00+02:00,2020-02-29T15:00:00+02:00,18,תייר מספרד,https://www.health.gov.il/NewsAndEvents/SpokemanMesseges/Pages/07032020_1.aspx
"קפה לורן  רחוב סוקולוב 53 רמה""ש","32.1440607,34.8354079,17",2020-03-02T09:00:00+02:00,2020-03-02T10:00:00+02:00,18,תייר מספרד,https://www.health.gov.il/NewsAndEvents/SpokemanMesseges/Pages/07032020_1.aspx
"מוקד רפואה דחופה מכבי ברחוב הנצח 3 רמה""ש","32.1385405,34.8417452,17",2020-03-02T14:30:00+02:00,2020-03-02T15:30:00+02:00,18,תייר מספרד,https://www.health.gov.il/NewsAndEvents/SpokemanMesseges/Pages/07032020_1.aspx
סופר אלונית תחנת דלק דור אלון בכביש שש לכיוון צפון ליד מחלף בקה,"32.3910275,34.9947362",2020-02-29T10:30:00+02:00,2020-02-29T11:00:00+02:00,22,,
כרמיאל – ניחום אבלים רחוב אנקור 82.,"32.9004598,35.2927348",2020-02-29T11:30:00+02:00,2020-02-29T12:30:00+02:00,22,,
כפר ירכא סופרמרקט מרקזה.,"32.9463904,35.175988",2020-02-29T12:30:00+02:00,2020-02-29T13:30:00+02:00,22,,
כפר ירכא מסעדת בורגר אנד סטייקס במרכז BIG.,"32.955728,35.1829777",2020-02-29T13:30:00+02:00,2020-02-29T14:30:00+02:00,22,,
קלפי מספר 97 ברחוב קפלן 42 פתח תקווה.,"32.0818804,34.8651936",2020-02-29T19:30:00+02:00,2020-02-29T19:35:00+02:00,22,,
צ'יפ-מרקט ארלוזרוב 38 פתח תקווה.,"32.0854778,34.8683473",2020-02-29T20:00:00+02:00,2020-02-29T20:10:00+02:00,22,,
בית רבקה מחלקה ג' חדר 4235.,"32.071679,34.8906156",2020-03-03T18:00:00+02:00,2020-03-03T19:00:00+02:00,22,,
קלפי בבית ספר אבן חן בשוהם,"32.0020526,34.9410456",2020-03-02T20:00:00+02:00,2020-03-02T20:10:00+02:00,24,,
מרפאת קופת חולים מאוחדת בשוהם,"31.9997234,34.9453264",2020-03-03T09:45:00+02:00,2020-03-03T10:00:00+02:00,24,,
"סופר חצות וחצי רחוב טרכטנברג 18 ראשל""צ.","31.9748648,34.7800661",2020-03-03T17:40:00+02:00,2020-03-03T18:15:00+02:00,25,,
=======
"קפה לורן ברחוב סוקולוב 53 רמה""ש","32.1440607,34.8354079,17",2020-02-28T09:00:00+02:00,2020-02-28T10:00:00+02:00,18,תייר מספרד,https://govextra.gov.il/ministry-of-health/corona/corona-virus/spokesman-messages-corona/
"מסעדת פיש: רחוב פרופ' בני חבוט 7 ראשל""צ","31.9922422,34.7474626,19",2020-02-28T15:00:00+02:00,2020-02-28T17:00:00+02:00,18,תייר מספרד,https://govextra.gov.il/ministry-of-health/corona/corona-virus/spokesman-messages-corona/
"מסעדת פיש: רחוב פרופ' בני חבוט 7 ראשל""צ","31.9922422,34.7474626,19",2020-02-29T13:00:00+02:00,2020-02-29T15:00:00+02:00,18,תייר מספרד,https://govextra.gov.il/ministry-of-health/corona/corona-virus/spokesman-messages-corona/
"קפה לורן  רחוב סוקולוב 53 רמה""ש","32.1440607,34.8354079,17",2020-03-02T09:00:00+02:00,2020-03-02T10:00:00+02:00,18,תייר מספרד,https://govextra.gov.il/ministry-of-health/corona/corona-virus/spokesman-messages-corona/
"מוקד רפואה דחופה מכבי ברחוב הנצח 3 רמה""ש","32.1385405,34.8417452,17",2020-03-02T14:30:00+02:00,2020-03-02T15:30:00+02:00,18,תייר מספרד,https://govextra.gov.il/ministry-of-health/corona/corona-virus/spokesman-messages-corona/
>>>>>>> 0819e1f516854011d611f290b74384dd2e06b18d
